train/loss,epoch,step,timestamp
2.206243318319321,0,10,1786962252.1579401
1.4171905145049095,0,20,1786962252.6727629
1.1126882314682007,0,30,1786962253.1845148
0.9629465058445931,0,40,1786962253.7054558
0.8550924521684646,0,50,1786962254.2062492
0.7907494162519773,0,60,1786962254.7328975
0.7374050485236304,0,70,1786962255.2383835
0.70095752812922,0,80,1786962255.744309
0.6744794365432527,0,90,1786962256.2539725
0.6638528019189834,0,100,1786962256.76232
0.6434816254810853,0,110,1786962257.2673035
0.6260340663293997,0,120,1786962257.7640696
0.6100738947208111,0,130,1786962258.2646418
0.5986330917903355,0,140,1786962258.78473
0.584758701523145,0,150,1786962259.312951
0.5758898697793484,0,160,1786962259.830868
0.5644699829466203,0,170,1786962260.3631828
0.5636267178588443,0,180,1786962260.8803937
0.5557924595318342,0,190,1786962261.385707
0.553008365035057,0,200,1786962261.9609263
0.5451720219282877,0,210,1786962262.5174208
0.5421573808247393,0,220,1786962263.0483
0.5369018888991812,0,230,1786962263.5759025
0.5355679662277301,0,240,1786962264.1295137
0.5299297513961791,0,250,1786962264.6247327
0.5268738314509391,0,260,1786962265.1445637
0.5224242782151257,0,270,1786962265.651905
0.5191587027694498,0,280,1786962266.1566324
0.5194710293720508,0,290,1786962266.6634228
0.5156669666369756,0,300,1786962267.1627097
0.5137225788447165,0,310,1786962267.6674163
0.5102553007192909,0,320,1786962268.1701682
0.5072500927881761,0,330,1786962268.6678915
0.5062351840383866,0,340,1786962269.1666834
0.5042704174348286,0,350,1786962269.6800642
0.5018162812623713,0,360,1786962270.2066407
0.49875759615285975,0,370,1786962270.726851
0.494844170424499,0,380,1786962271.2467077
0.49321793489731275,0,390,1786962271.7715743
0.4914875339344144,0,400,1786962272.325939
0.48991177405526,0,410,1786962272.851574
0.4888022742455914,0,420,1786962273.3906353
0.4865565609446792,0,430,1786962273.9365652
0.4857397586445917,0,440,1786962274.4913414
0.4844520632425944,0,450,1786962275.025685
0.48351933522068935,0,460,1786962275.5563693
0.4822478566398012,0,470,1786962276.079189
0.4810369056339065,0,480,1786962276.6008062
0.4799632625920432,0,490,1786962277.1216874
0.4788213807344437,0,500,1786962277.6384923
0.47880117075116024,0,510,1786962278.147182
0.47829527493852836,0,520,1786962278.6511598
0.4773105589848644,0,530,1786962279.1602488
0.475321211859032,0,540,1786962279.6646233
0.4736743031848561,0,550,1786962280.1650205
0.4724636719162975,0,560,1786962280.674025
0.47154675345671804,0,570,1786962281.2113512
0.46997673614271757,0,580,1786962281.7326226
0.4697557460453551,0,590,1786962282.2919488
0.46939201474189757,0,600,1786962282.8156362
0.4690226516274155,0,610,1786962283.329275
0.46808545416401276,0,620,1786962283.841722
0.46719111152111537,0,630,1786962284.3585894
0.4660811864770949,0,640,1786962284.8846695
0.46567249339360456,0,650,1786962285.404864
0.4660119421554334,0,660,1786962285.9265108
0.46506226805608664,0,670,1786962286.4450352
0.4639296819620273,0,680,1786962286.967017
0.4638954100833423,0,690,1786962287.48234
0.46396657603127617,0,700,1786962288.0019827
0.4635696403997045,0,710,1786962288.5135422
0.46261648043162296,0,720,1786962289.0348873
0.4615661582718157,0,730,1786962289.5498617
0.46061586983300545,0,740,1786962290.0661392
0.46002890793482465,0,750,1786962290.591101
0.4591889356311999,0,760,1786962291.1272666
0.45897806310034417,0,770,1786962291.6492178
0.4581747482602413,0,780,1786962292.1860332
0.45711533419693573,0,790,1786962292.692576
0.45632624320685866,0,800,1786962293.1933353
0.45601926074351795,0,810,1786962293.690494
0.45663722062983164,0,820,1786962294.1835108
0.45597537892410556,0,830,1786962294.709605
0.45519713291100095,0,840,1786962295.265667
0.4549743970702676,0,850,1786962295.7789476
0.4549282428830169,0,860,1786962296.2857063
0.4543092742391016,0,870,1786962296.7889178
0.45362722900780766,0,880,1786962297.2853436
0.45315811516863574,0,890,1786962297.7982907
0.45269633028242323,0,900,1786962298.3622994
0.4528298733653603,0,910,1786962298.8858953
0.45249588159115417,0,920,1786962299.409444
0.45243578027653436,0,930,1786962299.9293644
0.45244145158757554,0,940,1786962300.448911
0.45221661690034365,0,950,1786962300.965633
0.45204667979851365,0,960,1786962301.485595
0.4515121641540036,0,970,1786962301.9994798
0.4510794236951945,0,980,1786962302.5267346
0.45053109493520527,0,990,1786962303.0272992
0.44985551834106446,0,1000,1786962303.5374918
0.449191486274842,0,1010,1786962304.0511925
0.44865031677718253,0,1020,1786962304.57368
0.4482107702100161,0,1030,1786962305.108678
0.4478503136394116,0,1040,1786962305.6359692
0.448018170935767,0,1050,1786962306.1514597
0.4472005506731429,0,1060,1786962306.6732423
0.4465481702969453,0,1070,1786962307.1966228
0.4458989412282352,0,1080,1786962307.717578
0.4456466270559425,0,1090,1786962308.2462025
0.4456226905773987,0,1100,1786962308.7638385
0.4451362305262067,0,1110,1786962309.3005378
0.444777331620987,0,1120,1786962309.8305228
0.44450971387920124,0,1130,1786962310.353443
0.44388898000643967,0,1140,1786962310.858491
0.4437095617600109,0,1150,1786962311.370712
0.4431810016390578,0,1160,1786962311.8752077
0.44287035405381114,0,1170,1786962312.412783
0.4427279602799375,0,1180,1786962312.9229553
0.44247926457338976,0,1190,1786962313.4483485
0.44206012709687154,0,1200,1786962313.9504895
0.44160377859822975,0,1210,1786962314.4556587
0.4413502096030556,0,1220,1786962314.9614816
0.4415001070717486,0,1230,1786962315.4744728
0.441371902234612,0,1240,1786962315.989447
0.4412416895747185,0,1250,1786962316.4920328
0.44084758014669495,0,1260,1786962316.9942026
0.4408907812059395,0,1270,1786962317.4966094
0.44077946402831003,0,1280,1786962318.0016096
0.4399782246628473,0,1290,1786962318.506424
0.4396750137897638,0,1300,1786962319.0043902
0.4396026555818456,0,1310,1786962319.4963012
0.4394236195493828,0,1320,1786962319.9902167
0.439421839776792,0,1330,1786962320.5003173
0.43899183073150577,0,1340,1786962320.997495
0.4390289565368935,0,1350,1786962321.5032668
0.4393086142180597,0,1360,1786962322.0166254
0.44004346671765737,0,1370,1786962322.549445
0.4405269291089929,0,1380,1786962323.0727713
0.44045480174555196,0,1390,1786962323.592066
0.4400745121070317,0,1400,1786962324.0941167
0.4398336433138408,0,1410,1786962324.5899098
0.43967714485987813,0,1420,1786962325.0960298
0.43981133315946674,0,1430,1786962325.6038692
0.43987214714288714,0,1440,1786962326.1049998
0.4398941414315125,0,1450,1786962326.6146812
0.44049214339011333,0,1460,1786962327.1166787
0.44034521634481394,0,1470,1786962327.619497
0.44029873972003525,0,1480,1786962328.1449578
0.44017451811556846,0,1490,1786962328.6552155
0.4400363927682241,0,1500,1786962329.1670032
0.43970301986135396,0,1510,1786962329.6692882
0.43992916539703547,0,1520,1786962330.177664
0.43959221477602045,0,1530,1786962330.6822119
0.4395295694276884,0,1540,1786962331.1948304
0.4398099935054779,0,1550,1786962331.6996348
0.38098394870758057,1,1569,1786962332.7269099
0.409465391933918,1,1579,1786962333.2410402
0.4125925968090693,1,1589,1786962333.7509177
0.4183256335556507,1,1599,1786962334.2632904
0.4248343974351883,1,1609,1786962334.784059
0.4257817164063454,1,1619,1786962335.2947273
0.4253782651254109,1,1629,1786962335.809217
0.43026671968400476,1,1639,1786962336.3302586
0.44497020641962687,1,1649,1786962336.8443258
0.4531081804633141,1,1659,1786962337.3605204
0.44941527843475343,1,1669,1786962337.8671653
0.44619408001502353,1,1679,1786962338.3778706
0.44578644679142876,1,1689,1786962338.8884783
0.44944012271506445,1,1699,1786962339.4025815
0.4469183564186096,1,1709,1786962339.9078555
0.44556921198964117,1,1719,1786962340.415444
0.44918394351706786,1,1729,1786962340.91525
0.4462590702705913,1,1739,1786962341.4346821
0.44332264755901535,1,1749,1786962341.9467952
0.4450136990845203,1,1759,1786962342.4798586
0.4444283378975732,1,1769,1786962342.9943168
0.44383070021867754,1,1779,1786962343.5056388
0.44170073218967604,1,1789,1786962344.0215557
0.4389313475539287,1,1799,1786962344.5357502
0.43749164712429045,1,1809,1786962345.0543785
0.43696810729228536,1,1819,1786962345.5682893
0.43489370158425084,1,1829,1786962346.0874927
0.4330663091370038,1,1839,1786962346.6006417
0.4325358231519831,1,1849,1786962347.1137295
0.4317504937450091,1,1859,1786962347.6326225
0.4316888235749737,1,1869,1786962348.144969
0.4310949678067118,1,1879,1786962348.6592202
0.4317286220012289,1,1889,1786962349.1799552
0.4317127456998124,1,1899,1786962349.71193
0.4308758153659957,1,1909,1786962350.2390013
0.4316535633885198,1,1919,1786962350.7646656
0.43198987112657444,1,1929,1786962351.2991326
0.43279549859856303,1,1939,1786962351.8450599
0.4315904479378309,1,1949,1786962352.4060898
0.43199884418398143,1,1959,1786962352.9482696
0.4323811923221844,1,1969,1786962353.472749
0.43271529479395776,1,1979,1786962353.9834912
0.4331854313958523,1,1989,1786962354.5110972
0.4321406504985961,1,1999,1786962355.0334413
0.43101001140144135,1,2009,1786962355.554719
0.43078572785724767,1,2019,1786962356.073066
0.43120135928088044,1,2029,1786962356.5958288
0.4323229228767256,1,2039,1786962357.1137054
0.43260463473139976,1,2049,1786962357.6420624
0.43349476817250254,1,2059,1786962358.1924381
0.43336585137773964,1,2069,1786962358.7260303
0.43308418550743505,1,2079,1786962359.262237
0.43343849578556026,1,2089,1786962359.7954555
0.43287929657984664,1,2099,1786962360.3241751
0.433171852583235,1,2109,1786962360.85294
0.4323837781857167,1,2119,1786962361.425421
0.43103966940390437,1,2129,1786962361.9698842
0.430984611783562,1,2139,1786962362.5216856
0.4303178221239882,1,2149,1786962363.0481653
0.43133407649894556,1,2159,1786962363.571395
0.4318680500642198,1,2169,1786962364.0927505
0.4321246059911866,1,2179,1786962364.6167288
0.43266051513335063,1,2189,1786962365.147302
0.4319330718135461,1,2199,1786962365.6705713
0.43187892792316585,1,2209,1786962366.1873856
0.430955136296424,1,2219,1786962366.7055545
0.43053192489627584,1,2229,1786962367.2369323
0.4304397936033852,1,2239,1786962367.7867017
0.4302895146219627,1,2249,1786962368.3314927
0.4307320019815649,1,2259,1786962368.851895
0.4305303657768478,1,2269,1786962369.3944852
0.4299777771656712,1,2279,1786962369.9266515
0.4298556943666445,1,2289,1786962370.4593692
0.4294520853943116,1,2299,1786962370.9837313
0.42881852012872695,1,2309,1786962371.5107322
0.42829238786117024,1,2319,1786962372.0601249
0.42839319936253806,1,2329,1786962372.6019208
0.42876503969996405,1,2339,1786962373.154526
0.42789189625012725,1,2349,1786962373.6786907
0.42807972168549896,1,2359,1786962374.2092996
0.4279343490063408,1,2369,1786962374.7429838
0.4276274441037236,1,2379,1786962375.2769125
0.42791521163230917,1,2389,1786962375.8088472
0.428066096649993,1,2399,1786962376.3372333
0.42741037566872203,1,2409,1786962376.855006
0.42742583285584007,1,2419,1786962377.3845267
0.42658835795076416,1,2429,1786962377.8936756
0.4275254723531279,1,2439,1786962378.4095578
0.42848002594173623,1,2449,1786962378.9320037
0.42838698256346913,1,2459,1786962379.460622
0.42866308428756483,1,2469,1786962379.97378
0.42843400902398254,1,2479,1786962380.4931653
0.4286729167706223,1,2489,1786962380.9980707
0.42899778179348785,1,2499,1786962381.5115964
0.4288806789642886,1,2509,1786962382.0332277
0.4284348632364223,1,2519,1786962382.577672
0.42816119478228165,1,2529,1786962383.1000283
0.4279457979512458,1,2539,1786962383.6182106
0.42762179674223216,1,2549,1786962384.131069
0.42742931677401064,1,2559,1786962384.6485882
0.4271726909397852,1,2569,1786962385.1686192
0.4270748058808785,1,2579,1786962385.7087128
0.42663407416887655,1,2589,1786962386.2345455
0.4267372361312692,1,2599,1786962386.753951
0.4262458895643552,1,2609,1786962387.2713523
0.42560467257533435,1,2619,1786962387.7867453
0.4256882764050894,1,2629,1786962388.2910948
0.42510119636577587,1,2639,1786962388.7986233
0.4249742724890009,1,2649,1786962389.2984345
0.4246636965328997,1,2659,1786962389.800128
0.42510754592246836,1,2669,1786962390.311657
0.4249250321782061,1,2679,1786962390.8138504
0.4243317889956246,1,2689,1786962391.3274968
0.42383289527997636,1,2699,1786962391.8375838
0.42313255387803783,1,2709,1786962392.3723943
0.42298225048800997,1,2719,1786962392.903734
0.42288491462285704,1,2729,1786962393.4324186
0.42290175411913355,1,2739,1786962393.95942
0.4224456372506478,1,2749,1786962394.5116844
0.42229088409493365,1,2759,1786962395.0318875
0.4223081150946538,1,2769,1786962395.5544782
0.42191659468607823,1,2779,1786962396.0812283
0.42192142378023967,1,2789,1786962396.6302493
0.4218187202369013,1,2799,1786962397.1604495
0.4217806975841522,1,2809,1786962397.7090342
0.4212545626220249,1,2819,1786962398.2393746
0.42074270468997205,1,2829,1786962398.7514596
0.4205445759696886,1,2839,1786962399.2667227
0.42046192868273385,1,2849,1786962399.7903094
0.4201274075416418,1,2859,1786962400.2981732
0.4198799325992133,1,2869,1786962400.7993596
0.4201446325489969,1,2879,1786962401.317716
0.4200917661414111,1,2889,1786962401.8303194
0.42010673022092276,1,2899,1786962402.361989
0.4200218638888112,1,2909,1786962402.8740013
0.4200300581972389,1,2919,1786962403.3822083
0.4199147878119545,1,2929,1786962403.8932862
0.4198708742856979,1,2939,1786962404.3997061
0.4194931110460981,1,2949,1786962404.9044793
0.4192143258239542,1,2959,1786962405.4122553
0.41909723393883264,1,2969,1786962405.9362655
0.419120664139029,1,2979,1786962406.4597197
0.41907460512398004,1,2989,1786962406.9821234
0.4189716338490446,1,2999,1786962407.5150168
0.4188310192371237,1,3009,1786962408.0257027
0.41871549303401007,1,3019,1786962408.5280743
0.41846463228164077,1,3029,1786962409.0283554
0.4184841312669419,1,3039,1786962409.534632
0.41835743230861305,1,3049,1786962410.028329
0.41822265402475994,1,3059,1786962410.5358045
0.4182941351505305,1,3069,1786962411.0515566
0.41841554134888087,1,3079,1786962411.589075
0.418676926059271,1,3089,1786962412.1421044
0.4183815118264068,1,3099,1786962412.6663353
0.41851077203789067,1,3109,1786962413.1937068
0.37902224659919737,2,3128,1786962414.1775362
0.3988027125597,2,3138,1786962414.711409
0.3957032253344854,2,3148,1786962415.23306
0.3906835146248341,2,3158,1786962415.7499208
0.3963683569431305,2,3168,1786962416.2729623
0.4002515445152918,2,3178,1786962416.7768636
0.40348692834377287,2,3188,1786962417.2842798
0.40133276097476484,2,3198,1786962417.7953243
0.40329752696885,2,3208,1786962418.3172507
0.40474806547164915,2,3218,1786962418.8199067
0.40527145808393306,2,3228,1786962419.3251367
0.4025787090261777,2,3238,1786962419.8289008
0.40399814179310434,2,3248,1786962420.3324122
0.4058462951864515,2,3258,1786962420.8335102
0.405454331835111,2,3268,1786962421.3425598
0.40448577553033827,2,3278,1786962421.853229
0.40666235282140617,2,3288,1786962422.3928201
0.40575464831458197,2,3298,1786962422.9041958
0.4054403195255681,2,3308,1786962423.4196467
0.4040467396378517,2,3318,1786962423.926933
0.4027740519671213,2,3328,1786962424.4359682
0.4016524764624509,2,3338,1786962424.9433477
0.4019902573979419,2,3348,1786962425.4622211
0.401941637819012,2,3358,1786962425.989442
0.40460469472408295,2,3368,1786962426.5102894
0.40286542509610834,2,3378,1786962427.0867403
0.4020713299512863,2,3388,1786962427.6139314
0.4023159566734518,2,3398,1786962428.1416125
0.401878615802732,2,3408,1786962428.6707146
0.4025749534368515,2,3418,1786962429.2085457
0.40464458542485393,2,3428,1786962429.7392325
0.4044379640370607,2,3438,1786962430.2663324
0.4048238614291856,2,3448,1786962430.7949061
0.4066129565238953,2,3458,1786962431.319964
0.4073890827383314,2,3468,1786962431.8402598
0.407823270228174,2,3478,1786962432.3829103
0.40720949454887495,2,3488,1786962432.8885977
0.40703926258965545,2,3498,1786962433.3925793
0.4071039006496087,2,3508,1786962433.895601
0.408418307825923,2,3518,1786962434.401447
0.4091378323915528,2,3528,1786962434.9047549
0.41090551345121296,2,3538,1786962435.4135294
0.412761015947475,2,3548,1786962435.9213834
0.4128512685271827,2,3558,1786962436.4339023
0.41253984838724134,2,3568,1786962436.939367
0.4129779339160608,2,3578,1786962437.437551
0.41306441093378876,2,3588,1786962437.9384778
0.41330465249096354,2,3598,1786962438.4500186
0.41292559787326927,2,3608,1786962438.9549377
0.4139944719970226,2,3618,1786962439.4682362
0.41437117325908995,2,3628,1786962439.9773142
0.41491822700660963,2,3638,1786962440.4856038
0.41499559595337454,2,3648,1786962440.9935026
0.4149947564635012,2,3658,1786962441.5123563
0.41406719958240334,2,3668,1786962442.0656495
0.41338159700057336,2,3678,1786962442.6253285
0.4135131381844219,2,3688,1786962443.1420832
0.41376576749929067,2,3698,1786962443.6744053
0.413722571149721,2,3708,1786962444.189047
0.41374131468435127,2,3718,1786962444.709899
0.41290483750769347,2,3728,1786962445.2168214
0.4129201967629694,2,3738,1786962445.745511
0.41248183943449507,2,3748,1786962446.269108
0.41249852285254746,2,3758,1786962446.7912788
0.41198821964172216,2,3768,1786962447.2960253
0.411930921380267,2,3778,1786962447.7985194
0.4115374951442676,2,3788,1786962448.2941942
0.41165411435067656,2,3798,1786962448.8005466
0.41206518953693083,2,3808,1786962449.3249376
0.41167664312890595,2,3818,1786962449.8488612
0.41165235435039227,2,3828,1786962450.364403
0.4112853882006473,2,3838,1786962450.885682
0.41180509800372056,2,3848,1786962451.4016862
0.4110885476139752,2,3858,1786962451.9143634
0.41100096291303634,2,3868,1786962452.4592147
0.4107324189457454,2,3878,1786962452.9669123
0.41096224225573724,2,3888,1786962453.4805944
0.4101662925993785,2,3898,1786962453.9775062
0.4107299657750733,2,3908,1786962454.4874651
0.41072321120649574,2,3918,1786962454.988581
0.4108483755294188,2,3928,1786962455.4909701
0.41168021930427084,2,3938,1786962456.005155
0.41249097632356435,2,3948,1786962456.5150034
0.41256371956496013,2,3958,1786962457.0212991
0.41265255195253037,2,3968,1786962457.5325603
0.4126819462623707,2,3978,1786962458.036538
0.41297199931637996,2,3988,1786962458.5415862
0.4130223992534659,2,3998,1786962459.0448134
0.4132262892937392,2,4008,1786962459.5568676
0.4134250548150804,2,4018,1786962460.0760856
0.41397070043034606,2,4028,1786962460.59125
0.4145202432961568,2,4038,1786962461.0949411
0.414456937197716,2,4048,1786962461.6164117
0.41478941570571126,2,4058,1786962462.1554313
0.4147957165303983,2,4068,1786962462.666874
0.4149816429552933,2,4078,1786962463.166348
0.41507370450447517,2,4088,1786962463.6732583
0.4150840633377737,2,4098,1786962464.1872468
0.41488360524779616,2,4108,1786962464.694226
0.41486333999037744,2,4118,1786962465.2047179
0.4148054656710955,2,4128,1786962465.725886
0.414817889911287,2,4138,1786962466.238349
0.4146467989798888,2,4148,1786962466.749132
0.41441405937075615,2,4158,1786962467.2443357
0.4144357172648112,2,4168,1786962467.749983
0.4141935105593699,2,4178,1786962468.2460043
0.41423712002339763,2,4188,1786962468.7590063
0.41437523525070263,2,4198,1786962469.2706077
0.4142916249299268,2,4208,1786962469.7750545
0.4138893697207624,2,4218,1786962470.2691746
0.4136164080855009,2,4228,1786962470.7801588
0.4135289651873921,2,4238,1786962471.2968092
0.41332515286924565,2,4248,1786962471.8465111
0.4134672768675444,2,4258,1786962472.3791513
0.412756007184153,2,4268,1786962472.8924031
0.41201528565123163,2,4278,1786962473.4113321
0.4124297455589995,2,4288,1786962473.9151568
0.41266167045144714,2,4298,1786962474.4246256
0.4121670072068687,2,4308,1786962474.9419565
0.41278031960129735,2,4318,1786962475.4508946
0.4129169504997159,2,4328,1786962475.9579492
0.41316995918750765,2,4338,1786962476.4729977
0.41367506382426594,2,4348,1786962476.9916003
0.41340683366983166,2,4358,1786962477.4940765
0.4133819987773895,2,4368,1786962477.997433
0.4132760596180719,2,4378,1786962478.5109916
0.4133953497635098,2,4388,1786962479.01756
0.4133432366186753,2,4398,1786962479.5327334
0.4132358249074729,2,4408,1786962480.0364294
0.41308383256196973,2,4418,1786962480.553241
0.41271672369414614,2,4428,1786962481.0620723
0.41290512288158593,2,4438,1786962481.5731957
0.41497457636926405,2,4448,1786962482.1299021
0.415672697482714,2,4458,1786962482.6363854
0.41570989897957555,2,4468,1786962483.14194
0.41557767752777125,2,4478,1786962483.6476367
0.41556364532804835,2,4488,1786962484.1483088
0.41568958526072297,2,4498,1786962484.6577532
0.415925851935963,2,4508,1786962485.1657424
0.4163177990061896,2,4518,1786962485.6726649
0.416339998317103,2,4528,1786962486.1758635
0.4164338156161174,2,4538,1786962486.6913507
0.41648691650870795,2,4548,1786962487.1986344
0.4163735394469566,2,4558,1786962487.7054484
0.41614321357217327,2,4568,1786962488.2106183
0.41633927215860317,2,4578,1786962488.7170906
0.41697272603609126,2,4588,1786962489.2373154
0.417061550593054,2,4598,1786962489.7551627
0.4169929872223195,2,4608,1786962490.2639604
0.41673909111817675,2,4618,1786962490.7748957
0.4164490160957867,2,4628,1786962491.2897224
0.4163716769140018,2,4638,1786962491.7997072
0.4161209924061314,2,4648,1786962492.3463533
0.4161328719130584,2,4658,1786962492.8920753
0.4162819998591177,2,4668,1786962493.4214792
0.4017320454120636,3,4687,1786962494.3924007
0.4016198173165321,3,4697,1786962494.8844056
0.399614347020785,3,4707,1786962495.3705933
0.4095570661127567,3,4717,1786962495.8660111
0.41685873687267305,3,4727,1786962496.365569
0.4139445667465528,3,4737,1786962496.854958
0.4129774564078876,3,4747,1786962497.3524916
0.40941695142537354,3,4757,1786962497.8509953
0.40931408090723886,3,4767,1786962498.3614068
0.40953799173235894,3,4777,1786962498.8743558
0.4107936454090205,3,4787,1786962499.382287
0.40971092072625953,3,4797,1786962499.8867843
0.4076703091080372,3,4807,1786962500.3949308
0.40679279789328576,3,4817,1786962500.9019086
0.4082673189043999,3,4827,1786962501.409255
0.40731189930811523,3,4837,1786962501.9338102
0.40458013371509666,3,4847,1786962502.4685843
0.4054574854671955,3,4857,1786962502.9825022
0.40539426811431584,3,4867,1786962503.4948432
0.4087849225848913,3,4877,1786962504.0091336
0.4097689952878725,3,4887,1786962504.5202448
0.4112419131804596,3,4897,1786962505.0320466
0.4115022679385932,3,4907,1786962505.538725
0.4093314353376627,3,4917,1786962506.040865
0.40698589944839475,3,4927,1786962506.5467076
0.4059995978497542,3,4937,1786962507.041564
0.4064567027820481,3,4947,1786962507.5467632
0.40534209965595175,3,4957,1786962508.0449476
0.40585715241473297,3,4967,1786962508.5480027
0.40519945447643596,3,4977,1786962509.053697
0.4039729883113215,3,4987,1786962509.556649
0.4045490311924368,3,4997,1786962510.0572321
0.40491921590133145,3,5007,1786962510.5621002
0.40620190492447683,3,5017,1786962511.0620413
0.40627017651285446,3,5027,1786962511.565693
0.40654635603229206,3,5037,1786962512.099083
0.4062369970051018,3,5047,1786962512.6133604
0.40617856987212836,3,5057,1786962513.1250305
0.4071037410161434,3,5067,1786962513.6371386
0.406974264383316,3,5077,1786962514.139687
0.40611509251885297,3,5087,1786962514.6487265
0.405111277954919,3,5097,1786962515.1502333
0.40551467170548994,3,5107,1786962515.6483033
0.4051660516383973,3,5117,1786962516.1535718
0.40457049174441234,3,5127,1786962516.664229
0.4043266934869082,3,5137,1786962517.1757205
0.4050642029085058,3,5147,1786962517.6836495
0.40376832373440263,3,5157,1786962518.1924686
0.4035660725467059,3,5167,1786962518.69764
0.4039019760489464,3,5177,1786962519.210416
0.4037553610170589,3,5187,1786962519.715711
0.4032939399664219,3,5197,1786962520.2201874
0.40365621610632485,3,5207,1786962520.719576
0.4039094125231107,3,5217,1786962521.2210968
0.40448499208146876,3,5227,1786962521.7323778
0.40438678711652754,3,5237,1786962522.2766259
0.4044049577231993,3,5247,1786962522.7807326
0.4046827530038768,3,5257,1786962523.2837636
0.40446993536868336,3,5267,1786962523.7970417
0.4042666885256767,3,5277,1786962524.309061
0.4034434126537354,3,5287,1786962524.8157141
0.4032517010165799,3,5297,1786962525.3246653
0.4037655156756204,3,5307,1786962525.8585484
0.40352310417219994,3,5317,1786962526.3715901
0.4042518211786564,3,5327,1786962526.8766944
0.40464846622763256,3,5337,1786962527.3952606
0.4055548043393377,3,5347,1786962527.9027412
0.4056466673226917,3,5357,1786962528.4125693
0.40551371073377307,3,5367,1786962528.9295793
0.4054824159400804,3,5377,1786962529.4388342
0.40555207851067393,3,5387,1786962529.9379253
0.40636591526369253,3,5397,1786962530.4447098
0.40880411891904594,3,5407,1786962530.9420826
0.4098827958106995,3,5417,1786962531.4648545
0.41053203360239665,3,5427,1786962531.9847398
0.411160062175048,3,5437,1786962532.516729
0.4200305644567911,3,5447,1786962533.0183547
0.42228435438412887,3,5457,1786962533.5275803
0.42710186522218246,3,5467,1786962534.0296903
0.43305825293064115,3,5477,1786962534.5357134
0.43626460727350214,3,5487,1786962535.040695
0.4381819419744538,3,5497,1786962535.5549338
0.43875486154154125,3,5507,1786962536.0582213
0.4388537180210863,3,5517,1786962536.5578961
0.439564614962129,3,5527,1786962537.0576413
0.44013881700676544,3,5537,1786962537.56655
0.44040759681970226,3,5547,1786962538.0723557
0.4409144914624366,3,5557,1786962538.6085672
0.4414968228741978,3,5567,1786962539.1218464
0.44143613108330304,3,5577,1786962539.6408281
0.44208276122808454,3,5587,1786962540.1511014
0.4418875433018674,3,5597,1786962540.6539743
0.4426174470974553,3,5607,1786962541.1573567
0.44358299915143784,3,5617,1786962541.6630013
0.44391626698406117,3,5627,1786962542.2065659
0.4438792549384137,3,5637,1786962542.7181027
0.44367808232602385,3,5647,1786962543.2286446
0.4435245060190863,3,5657,1786962543.7496517
0.44348099159471915,3,5667,1786962544.256759
0.44345771765708925,3,5677,1786962544.7761443
0.443170973333982,3,5687,1786962545.2886758
0.44241841315638786,3,5697,1786962545.802907
0.4425108943460057,3,5707,1786962546.3133152
0.44178486007910506,3,5717,1786962546.8499851
0.4413647893780754,3,5727,1786962547.40249
0.4415052317504613,3,5737,1786962547.9049983
0.44086297132144464,3,5747,1786962548.4094338
0.4411625973052449,3,5757,1786962548.9170618
0.4413874298880953,3,5767,1786962549.441706
0.44110119754617866,3,5777,1786962549.9576
0.44154328921356717,3,5787,1786962550.4768891
0.4414050536230206,3,5797,1786962550.9940267
0.44093811026716656,3,5807,1786962551.5093346
0.4406957074215538,3,5817,1786962552.0274365
0.44055866428043533,3,5827,1786962552.575698
0.43998039066791533,3,5837,1786962553.073917
0.4400048537386788,3,5847,1786962553.5880318
0.4398740584062318,3,5857,1786962554.0913746
0.4396223395311532,3,5867,1786962554.6064484
0.4394008295486371,3,5877,1786962555.1143734
0.4391511252103758,3,5887,1786962555.6223845
0.4392532299043702,3,5897,1786962556.13101
0.4399630945872485,3,5907,1786962556.6504219
0.43950236917984103,3,5917,1786962557.1547542
0.4397884910583496,3,5927,1786962557.670687
0.4401453930234152,3,5937,1786962558.1807117
0.44014346465820403,3,5947,1786962558.7005599
0.4401423320174217,3,5957,1786962559.2335262
0.43974111844864927,3,5967,1786962559.7378926
0.4395124371464436,3,5977,1786962560.2430575
0.4390585475750552,3,5987,1786962560.7570262
0.4388618739265384,3,5997,1786962561.2610943
0.43911906635402737,3,6007,1786962561.8098485
0.4392378602899722,3,6017,1786962562.3574367
0.4392408087959996,3,6027,1786962562.8696232
0.4393918270135627,3,6037,1786962563.3815494
0.4393541480285408,3,6047,1786962563.8854873
0.43938186622184255,3,6057,1786962564.386965
0.43933222589732934,3,6067,1786962564.8888626
0.43890427595802717,3,6077,1786962565.392302
0.4388810267896517,3,6087,1786962565.898975
0.4386308359847942,3,6097,1786962566.3997235
0.43831293849678304,3,6107,1786962566.9112062
0.43809435164762867,3,6117,1786962567.4321897
0.43787905327205,3,6127,1786962567.9399195
0.43750256991957964,3,6137,1786962568.443336
0.43784809181479367,3,6147,1786962568.9516432
0.4377884183179688,3,6157,1786962569.4606624
0.4376817822856391,3,6167,1786962569.965067
0.43771904468536377,3,6177,1786962570.4733481
0.4375237045698608,3,6187,1786962570.9823809
0.43727189284798346,3,6197,1786962571.499574
0.43729607899204576,3,6207,1786962572.0140502
0.43729399318818923,3,6217,1786962572.5714679
0.43683375568159166,3,6227,1786962573.0882702
0.3591057240962982,4,6246,1786962574.0696409
0.3958157539367676,4,6256,1786962574.581149
0.40708573162555695,4,6266,1786962575.0935216
0.398833629488945,4,6276,1786962575.6017044
0.402063849568367,4,6286,1786962576.1179821
0.40244882901509604,4,6296,1786962576.6387422
0.4012209006718227,4,6306,1786962577.1540585
0.3996961485594511,4,6316,1786962577.678847
0.4052937842077679,4,6326,1786962578.1955729
0.4047437509894371,4,6336,1786962578.709085
0.4059859370643442,4,6346,1786962579.2295969
0.4078812266389529,4,6356,1786962579.7406592
0.40496524503597847,4,6366,1786962580.2487514
0.41046381635325296,4,6376,1786962580.7571204
0.41377088367938997,4,6386,1786962581.264685
0.41733618527650834,4,6396,1786962581.789069
0.4138054088634603,4,6406,1786962582.3443794
0.41322875486479865,4,6416,1786962582.8528166
0.41162018132837197,4,6426,1786962583.3609397
0.4108058349788189,4,6436,1786962583.8812249
0.410993458543505,4,6446,1786962584.3893309
0.41277098642154175,4,6456,1786962584.8973045
0.4143554626599602,4,6466,1786962585.4074328
0.414302504931887,4,6476,1786962585.9114711
0.4149092833995819,4,6486,1786962586.4181883
0.41868013785435604,4,6496,1786962586.93343
0.4168879058625963,4,6506,1786962587.448584
0.4172536527471883,4,6516,1786962587.962827
0.4160462666174461,4,6526,1786962588.4728181
0.41549034148454667,4,6536,1786962588.9789462
0.41632759715280226,4,6546,1786962589.4877584
0.41562913078814745,4,6556,1786962589.9924135
0.41530067785219715,4,6566,1786962590.503644
0.4158247380572207,4,6576,1786962591.008113
0.4174909750052861,4,6586,1786962591.5364494
0.4172707714140415,4,6596,1786962592.1213777
0.41629647105126766,4,6606,1786962592.6237235
0.41668216460629515,4,6616,1786962593.1389265
0.4169142892727485,4,6626,1786962593.646696
0.4164630538225174,4,6636,1786962594.144496
0.41609398591809155,4,6646,1786962594.6520276
0.41619719635872615,4,6656,1786962595.1651464
0.41642174020756123,4,6666,1786962595.6742828
0.41505295837467365,4,6676,1786962596.1813586
0.4140375085009469,4,6686,1786962596.689492
0.41539160408403564,4,6696,1786962597.195293
0.4192297292516587,4,6706,1786962597.7107625
0.41943779500822226,4,6716,1786962598.2189233
0.41916640260998084,4,6726,1786962598.730675
0.41840279987454415,4,6736,1786962599.2410483
0.41821451967253404,4,6746,1786962599.751572
0.4173518793227581,4,6756,1786962600.260605
0.41680134548893516,4,6766,1786962600.7808561
0.4161887730989191,4,6776,1786962601.2888663
0.41613559498028324,4,6786,1786962601.8015454
0.4153201934216278,4,6796,1786962602.3524926
0.4146228923347958,4,6806,1786962602.8651397
0.4141131671081329,4,6816,1786962603.3859122
0.41535253618228235,4,6826,1786962603.8885405
0.41490545017023883,4,6836,1786962604.4006693
0.41462879833139354,4,6846,1786962604.9183733
0.4144092556690016,4,6856,1786962605.440157
0.41440837924915647,4,6866,1786962605.9568546
0.41393567544873805,4,6876,1786962606.4782484
0.41409398429668864,4,6886,1786962607.0138483
0.41405381056846996,4,6896,1786962607.5290244
0.41369608794130497,4,6906,1786962608.0397239
0.4136207620229791,4,6916,1786962608.551105
0.4136859362324079,4,6926,1786962609.0716922
0.41445515911493985,4,6936,1786962609.6018655
0.41476290689807543,4,6946,1786962610.1210852
0.4150883951327867,4,6956,1786962610.6476974
0.41510414915950333,4,6966,1786962611.181834
0.4156418353923269,4,6976,1786962611.7149045
0.4146204467813174,4,6986,1786962612.2783813
0.4145190448549233,4,6996,1786962612.8079154
0.4143179219070967,4,7006,1786962613.3315165
0.4142652268020006,4,7016,1786962613.8534572
0.41423861563582964,4,7026,1786962614.369329
0.41463068494573235,4,7036,1786962614.9030273
0.414227210794702,4,7046,1786962615.4368072
0.4142767528026569,4,7056,1786962615.9560513
0.4142013003488621,4,7066,1786962616.4777236
0.41416000310508977,4,7076,1786962616.9953218
0.4142778126106543,4,7086,1786962617.5157447
0.4137970426921235,4,7096,1786962618.0260584
0.4137286668365029,4,7106,1786962618.5371559
0.4141818541186777,4,7116,1786962619.0488358
0.4138769799906216,4,7126,1786962619.5572257
0.4138487589193715,4,7136,1786962620.0658045
0.4137366733216977,4,7146,1786962620.5791693
0.4130861005705336,4,7156,1786962621.0958793
0.41263934348219183,4,7166,1786962621.6222866
0.41255365892293605,4,7176,1786962622.176624
0.41261091335823663,4,7186,1786962622.699997
0.41224286179058256,4,7196,1786962623.2171383
0.4120625217089948,4,7206,1786962623.7255964
0.4124821689816154,4,7216,1786962624.2326236
0.41236932462815085,4,7226,1786962624.7591221
0.41233867482841013,4,7236,1786962625.3007178
0.41195727142662103,4,7246,1786962625.8148887
0.41200934419152785,4,7256,1786962626.3234618
0.412060528053242,4,7266,1786962626.835652
0.4119284801758253,4,7276,1786962627.339614
0.4120306647675378,4,7286,1786962627.8533692
0.4118553472015093,4,7296,1786962628.368696
0.4120323400074076,4,7306,1786962628.8842216
0.4124190413565547,4,7316,1786962629.3946033
0.4121430435038488,4,7326,1786962629.90667
0.41244519006122243,4,7336,1786962630.4182405
0.41222837186074474,4,7346,1786962630.9262207
0.4118925805602755,4,7356,1786962631.4395971
0.41176047704916086,4,7366,1786962631.9556777
0.4113665091364007,4,7376,1786962632.4942896
0.4114181127237237,4,7386,1786962632.9997177
0.41097447168210455,4,7396,1786962633.5185993
0.4110821730306006,4,7406,1786962634.0291085
0.41054167782856243,4,7416,1786962634.5428953
0.41089702403845907,4,7426,1786962635.045709
0.4104828223834435,4,7436,1786962635.5505748
0.41068265413449817,4,7446,1786962636.053136
0.41051850350665264,4,7456,1786962636.565719
0.41100045953824266,4,7466,1786962637.0749886
0.4112850482425382,4,7476,1786962637.586009
0.41130121183395385,4,7486,1786962638.1161494
0.4115537515235326,4,7496,1786962638.655829
0.4111752136016455,4,7506,1786962639.168496
0.41102659807074815,4,7516,1786962639.680084
0.41092603791129684,4,7526,1786962640.194644
0.41068178963202695,4,7536,1786962640.702204
0.4105543369555291,4,7546,1786962641.20825
0.41035829507040256,4,7556,1786962641.7166147
0.41037983762142355,4,7566,1786962642.2544801
0.41057090292226023,4,7576,1786962642.7656353
0.4105345199505488,4,7586,1786962643.2671916
0.41080330327591474,4,7596,1786962643.7777567
0.41078444438694167,4,7606,1786962644.2834392
0.41084209883558576,4,7616,1786962644.792488
0.4107036971359802,4,7626,1786962645.3035986
0.4102807437522071,4,7636,1786962645.8193824
0.4103124867728416,4,7646,1786962646.3321407
0.41028597594147,4,7656,1786962646.8378003
0.40996959190685434,4,7666,1786962647.349926
0.4097832653257582,4,7676,1786962647.8618927
0.4097458658855537,4,7686,1786962648.3689902
0.40988297492061576,4,7696,1786962648.879267
0.4102166548168578,4,7706,1786962649.390397
0.41014889101120267,4,7716,1786962649.900221
0.40987232494474257,4,7726,1786962650.4099464
0.4101181923051675,4,7736,1786962650.921405
0.41041211374350733,4,7746,1786962651.4359922
0.41029402424434297,4,7756,1786962651.9498663
0.4104260213137452,4,7766,1786962652.4903789
0.4106012952308376,4,7776,1786962653.0027294
0.41066682822281314,4,7786,1786962653.5168855
0.4062538295984268,5,7805,1786962654.4765
0.39805185943841936,5,7815,1786962654.9894927
0.42444690664609275,5,7825,1786962655.5070748
0.41565081775188445,5,7835,1786962656.0193388
0.4171629548072815,5,7845,1786962656.5273585
0.4062281896670659,5,7855,1786962657.0325506
0.4046807557344437,5,7865,1786962657.550272
0.40606553442776205,5,7875,1786962658.0858743
0.4050695412688785,5,7885,1786962658.6056986
0.40876604825258256,5,7895,1786962659.119939
0.40445889126170764,5,7905,1786962659.6389282
0.4051439555982749,5,7915,1786962660.1524699
0.4037814417710671,5,7925,1786962660.65562
0.40331624022551943,5,7935,1786962661.1715071
0.4052513047059377,5,7945,1786962661.673665
0.40447268486022947,5,7955,1786962662.2221925
0.4046800758908777,5,7965,1786962662.7403307
0.4058056740297212,5,7975,1786962663.2551963
0.4070177752720682,5,7985,1786962663.7818668
0.40838900044560433,5,7995,1786962664.2975454
0.4087185645387286,5,8005,1786962664.810796
0.4098393642089584,5,8015,1786962665.3392928
0.41053314481092534,5,8025,1786962665.8552136
0.40879668643077216,5,8035,1786962666.3773446
0.40768049567937853,5,8045,1786962666.8949687
0.406171517016796,5,8055,1786962667.4117053
0.4059385398471797,5,8065,1786962667.9230568
0.40455247179738113,5,8075,1786962668.4533753
0.4042908319625361,5,8085,1786962668.9934285
0.40289656673868496,5,8095,1786962669.522292
0.4018525446134229,5,8105,1786962670.0543313
0.40215662368573246,5,8115,1786962670.5730264
0.4031623419938665,5,8125,1786962671.093928
0.40361293918069674,5,8135,1786962671.621831
0.4025087540064539,5,8145,1786962672.1725621
0.40162773198551605,5,8155,1786962672.698426
0.4007679458808255,5,8165,1786962673.218511
0.40082736819198256,5,8175,1786962673.7455792
0.400757324275298,5,8185,1786962674.2620277
0.400895757637918,5,8195,1786962674.7810717
0.40085794907517547,5,8205,1786962675.3012784
0.3999322684038253,5,8215,1786962675.8132882
0.4001951270325239,5,8225,1786962676.3401017
0.4009948835454204,5,8235,1786962676.8612108
0.40134809222486284,5,8245,1786962677.3726635
0.4023162416141966,5,8255,1786962677.8934839
0.40338597196213744,5,8265,1786962678.438869
0.40484560721864304,5,8275,1786962678.963709
0.40659600727412165,5,8285,1786962679.473461
0.40649528405070307,5,8295,1786962679.9896443
0.4081360392418562,5,8305,1786962680.5087807
0.4076915627202162,5,8315,1786962681.0279543
0.40743744657287057,5,8325,1786962681.5497081
0.4073501608713909,5,8335,1786962682.1151476
0.407434394874356,5,8345,1786962682.6398761
0.4076650753351195,5,8355,1786962683.1618848
0.40810628834000806,5,8365,1786962683.6841767
0.4073334626853466,5,8375,1786962684.2121212
0.40832742389480947,5,8385,1786962684.7183347
0.40797973088920114,5,8395,1786962685.2293463
0.4079973498084506,5,8405,1786962685.7561338
0.4077451694155893,5,8415,1786962686.2878587
0.40808026409811443,5,8425,1786962686.8152616
0.40762647001538427,5,8435,1786962687.3464878
0.40715927814061825,5,8445,1786962687.8693168
0.4073688581811659,5,8455,1786962688.390258
0.4070517549541459,5,8465,1786962688.9021342
0.40740324278526446,5,8475,1786962689.4196534
0.4074068180244902,5,8485,1786962689.933134
0.4068724905380181,5,8495,1786962690.4521866
0.40709476993537286,5,8505,1786962690.9870954
0.4068031593950258,5,8515,1786962691.5205157
0.4067477155017526,5,8525,1786962692.0577981
0.40709814717238013,5,8535,1786962692.5814633
0.40776313958565397,5,8545,1786962693.0842516
0.4081064624025633,5,8555,1786962693.599717
0.40905460775285574,5,8565,1786962694.1205194
0.4104120073983302,5,8575,1786962694.631286
0.40989713478314727,5,8585,1786962695.1355069
0.40933183958753944,5,8595,1786962695.6426983
0.4101393641329106,5,8605,1786962696.153685
0.4100998234639807,5,8615,1786962696.6627433
0.4099614691482969,5,8625,1786962697.1740718
0.4121963351787556,5,8635,1786962697.6886904
0.41300293314106323,5,8645,1786962698.192248
0.41306112843543985,5,8655,1786962698.7007678
0.4138958879414646,5,8665,1786962699.2149558
0.4142033274370161,5,8675,1786962699.7267897
0.414077878416924,5,8685,1786962700.2344525
0.4142134637137254,5,8695,1786962700.7411063
0.41508243982936,5,8705,1786962701.2461076
0.41468793220170164,5,8715,1786962701.7603445
0.41415087178509724,5,8725,1786962702.3069365
0.4140504557243053,5,8735,1786962702.8197582
0.41428017843710746,5,8745,1786962703.3289013
0.4139127746069183,5,8755,1786962703.8307471
0.4142031214439992,5,8765,1786962704.3526769
0.41397674416705055,5,8775,1786962704.8611565
0.4135790920468292,5,8785,1786962705.3677554
0.4130760014206171,5,8795,1786962705.8742156
0.41303250079992976,5,8805,1786962706.3775165
0.41340575614104086,5,8815,1786962706.8792486
0.41335937506654885,5,8825,1786962707.3859103
0.41324518974870444,5,8835,1786962707.8887224
0.413071383365563,5,8845,1786962708.3947208
0.41301958016910645,5,8855,1786962708.8963113
0.41284338323590913,5,8865,1786962709.405399
0.41298080526844216,5,8875,1786962709.913607
0.4132181727968225,5,8885,1786962710.420459
0.41288212514736433,5,8895,1786962710.9253278
0.41281121103344737,5,8905,1786962711.4464688
0.4123612190064575,5,8915,1786962711.9567094
0.4117351592510147,5,8925,1786962712.498564
0.41170977977545636,5,8935,1786962713.0091295
0.4114560204614764,5,8945,1786962713.519682
0.41156756005667405,5,8955,1786962714.0265546
0.4111259136571843,5,8965,1786962714.5381458
0.41148068608116295,5,8975,1786962715.043604
0.41122340383399436,5,8985,1786962715.5632915
0.4115416111424565,5,8995,1786962716.0710194
0.41151216211151487,5,9005,1786962716.5943658
0.41167651943740297,5,9015,1786962717.106422
0.41126485984257566,5,9025,1786962717.6125462
0.41154076967748904,5,9035,1786962718.112242
0.41194722055196764,5,9045,1786962718.6222212
0.41287916012936166,5,9055,1786962719.1607938
0.4129099820894519,5,9065,1786962719.6685677
0.413139037520159,5,9075,1786962720.1795568
0.41307377564583636,5,9085,1786962720.6867719
0.41398326056507917,5,9095,1786962721.1905894
0.4144016292145234,5,9105,1786962721.6959236
0.41395360568933415,5,9115,1786962722.2351918
0.41388847934348244,5,9125,1786962722.7544315
0.41369877182948056,5,9135,1786962723.2633162
0.413603145469118,5,9145,1786962723.773306
0.41367006559363184,5,9155,1786962724.3174381
0.41359831026218236,5,9165,1786962724.8185759
0.4136879855415959,5,9175,1786962725.3226588
0.4135803580176916,5,9185,1786962725.8266585
0.4138924374005624,5,9195,1786962726.3407772
0.41382184452410287,5,9205,1786962726.8661804
0.4138006890218862,5,9215,1786962727.3832514
0.4138045486349326,5,9225,1786962727.8851876
0.4136692135594785,5,9235,1786962728.3942897
0.413371417779347,5,9245,1786962728.935956
0.4133448164450796,5,9255,1786962729.5097518
0.4130453272032089,5,9265,1786962730.0350883
0.41310491601156224,5,9275,1786962730.5589046
0.41309389687024506,5,9285,1786962731.080967
0.41273581932981807,5,9295,1786962731.608876
0.41269063865704253,5,9305,1786962732.1600316
0.41256214642014943,5,9315,1786962732.683601
0.4125142562330938,5,9325,1786962733.2013984
0.41235012976186614,5,9335,1786962733.716398
0.41236220979882826,5,9345,1786962734.2229238
0.3606128215789795,6,9364,1786962735.1733332
0.38594186007976533,6,9374,1786962735.676988
0.3801997770865758,6,9384,1786962736.1834736
0.3945906892418861,6,9394,1786962736.684103
0.39312224626541137,6,9404,1786962737.1834154
0.3922211602330208,6,9414,1786962737.7017787
0.3861096827047212,6,9424,1786962738.209259
0.38791853543370963,6,9434,1786962738.7154622
0.3932060167193413,6,9444,1786962739.2273943
0.39706682309508323,6,9454,1786962739.7332127
0.3947114953940565,6,9464,1786962740.242102
0.3942767308404048,6,9474,1786962740.7664113
0.39680281843130405,6,9484,1786962741.2892725
0.3914179129259927,6,9494,1786962741.8227394
0.3888200390338898,6,9504,1786962742.3608437
0.38887056820094584,6,9514,1786962742.8892498
0.38796530611374797,6,9524,1786962743.4157226
0.38858996315134897,6,9534,1786962743.9332933
0.39321413385240656,6,9544,1786962744.455061
0.3925833836197853,6,9554,1786962744.9795008
0.3930759126941363,6,9564,1786962745.5029533
0.39193348159844227,6,9574,1786962746.0189013
0.39076052534839384,6,9584,1786962746.5276453
0.39109145806481443,6,9594,1786962747.037219
0.3901267110705376,6,9604,1786962747.5593464
0.39003423595657716,6,9614,1786962748.0807035
0.39323996862879507,6,9624,1786962748.600909
0.3935924434768302,6,9634,1786962749.1007702
0.3940472118299583,6,9644,1786962749.623823
0.39535206601023676,6,9654,1786962750.1299736
0.39447441259699484,6,9664,1786962750.629505
0.3939411154482514,6,9674,1786962751.1301587
0.39406443269866887,6,9684,1786962751.627836
0.3957738574375125,6,9694,1786962752.1621702
0.39519189081021716,6,9704,1786962752.671291
0.39822652170227635,6,9714,1786962753.180833
0.3972983724764875,6,9724,1786962753.6919177
0.3969203312538172,6,9734,1786962754.201926
0.39761298990402466,6,9744,1786962754.7133074
0.39999168280512093,6,9754,1786962755.2141566
0.4023523277262362,6,9764,1786962755.716199
0.40379207535159023,6,9774,1786962756.2216463
0.40468133580546045,6,9784,1786962756.7238955
0.40444052818823945,6,9794,1786962757.2741916
0.4051593585477935,6,9804,1786962757.775626
0.4052850524044555,6,9814,1786962758.2763553
0.40735567500616643,6,9824,1786962758.784509
0.4072591644090911,6,9834,1786962759.2902565
0.4073922019527883,6,9844,1786962759.8016214
0.4064012718498707,6,9854,1786962760.310355
0.40657886298848134,6,9864,1786962760.8086193
0.40562825500965116,6,9874,1786962761.3107495
0.40654087527742927,6,9884,1786962761.8185244
0.4064960302026184,6,9894,1786962762.3495643
0.4063805279406634,6,9904,1786962762.8548248
0.40650492374386105,6,9914,1786962763.3567214
0.4057152253493928,6,9924,1786962763.8579283
0.4064402021210769,6,9934,1786962764.364446
0.40601567870984645,6,9944,1786962764.8613417
0.40498816731075443,6,9954,1786962765.3622262
0.40482218898222094,6,9964,1786962765.8663027
0.4047092330792258,6,9974,1786962766.3739243
0.404082238792427,6,9984,1786962766.87721
0.4061488353414461,6,9994,1786962767.3786922
0.405848219876106,6,10004,1786962767.8856246
0.4061680773668217,6,10014,1786962768.3913612
0.40587797638640477,6,10024,1786962768.8949513
0.40639613693689597,6,10034,1786962769.4043996
0.40678842393816383,6,10044,1786962769.9063175
0.4072548912465572,6,10054,1786962770.416171
0.4076143121845286,6,10064,1786962770.9245384
0.40774440312137206,6,10074,1786962771.4485602
0.40803769143068624,6,10084,1786962771.9648247
0.40782455751622043,6,10094,1786962772.5046992
0.4079860713283221,6,10104,1786962773.020219
0.40826505659834333,6,10114,1786962773.5330076
0.4084006241583205,6,10124,1786962774.043236
0.40838462215585586,6,10134,1786962774.5637527
0.40799746156870564,6,10144,1786962775.0722532
0.40830453420057894,6,10154,1786962775.571381
0.40802695745671236,6,10164,1786962776.0742362
0.4085185214331964,6,10174,1786962776.5793104
0.40850992333817193,6,10184,1786962777.091027
0.40857994260177727,6,10194,1786962777.6014752
0.40993226323057624,6,10204,1786962778.105761
0.41165514312857804,6,10214,1786962778.619706
0.41503430603221914,6,10224,1786962779.1287506
0.4164645983583548,6,10234,1786962779.6283176
0.41674180956703893,6,10244,1786962780.1318324
0.4173307571311792,6,10254,1786962780.6394415
0.41723330052016855,6,10264,1786962781.1458695
0.4172010206172,6,10274,1786962781.6513307
0.4173577434753859,6,10284,1786962782.1963127
0.41714234962425334,6,10294,1786962782.7067513
0.4171886091640121,6,10304,1786962783.2191398
0.41729805123371383,6,10314,1786962783.7310908
0.417332517716688,6,10324,1786962784.2405796
0.417162354609796,6,10334,1786962784.754509
0.41699218579916036,6,10344,1786962785.267694
0.4167733129411936,6,10354,1786962785.7845666
0.41635749471364636,6,10364,1786962786.296187
0.416335116282982,6,10374,1786962786.8194575
0.4160308989072309,6,10384,1786962787.3367355
0.41560564280415957,6,10394,1786962787.8440816
0.4154115588750158,6,10404,1786962788.3532658
0.41492246857510423,6,10414,1786962788.858213
0.41502219761643455,6,10424,1786962789.390172
0.41463852804844026,6,10434,1786962789.913437
0.41542586704733175,6,10444,1786962790.4549644
0.4157724389569326,6,10454,1786962790.9659204
0.4154337373268497,6,10464,1786962791.486996
0.41477294275537135,6,10474,1786962792.0007417
0.41469897041014864,6,10484,1786962792.54656
0.4146827337381087,6,10494,1786962793.0552955
0.4145601448675861,6,10504,1786962793.5755727
0.4148382134093293,6,10514,1786962794.0771537
0.4148160337000831,6,10524,1786962794.5756052
0.4146165079989676,6,10534,1786962795.0836062
0.4143865317857566,6,10544,1786962795.5952792
0.41437144758800665,6,10554,1786962796.1009476
0.41459740961878755,6,10564,1786962796.6132424
0.4143679669401685,6,10574,1786962797.1251986
0.41432985975974945,6,10584,1786962797.6298218
0.4141640657619123,6,10594,1786962798.1277761
0.41406361010074616,6,10604,1786962798.7292633
0.41382899772789744,6,10614,1786962799.238074
0.4142710449071381,6,10624,1786962799.749171
0.41403070917585866,6,10634,1786962800.2584908
0.4143413925471232,6,10644,1786962800.764582
0.4146629972068163,6,10654,1786962801.282949
0.41468856178849706,6,10664,1786962801.804286
0.41439779690946593,6,10674,1786962802.3584042
0.41432470523549203,6,10684,1786962802.8665426
0.41432744439190894,6,10694,1786962803.38659
0.4146731730191796,6,10704,1786962803.8873177
0.4147860897924094,6,10714,1786962804.4028409
0.4143362323406839,6,10724,1786962804.9111805
0.4142934885253941,6,10734,1786962805.4252706
0.41383942353854075,6,10744,1786962805.931367
0.4137731419822999,6,10754,1786962806.4466975
0.41364562127818455,6,10764,1786962806.9602952
0.4134980608564867,6,10774,1786962807.4707637
0.4132861038917428,6,10784,1786962807.9725046
0.4131141040784617,6,10794,1786962808.49525
0.4128394977285944,6,10804,1786962809.0144873
0.4133430620476808,6,10814,1786962809.5337462
0.41306484670055155,6,10824,1786962810.0427303
0.41326335718905605,6,10834,1786962810.5595841
0.41349341253306243,6,10844,1786962811.0722475
0.4133649712006251,6,10854,1786962811.5909333
0.4133246543391651,6,10864,1786962812.136493
0.41320240274071696,6,10874,1786962812.65983
0.4129432797042373,6,10884,1786962813.1781664
0.4126915589749039,6,10894,1786962813.6960287
0.412373983773493,6,10904,1786962814.2243001
0.36988740265369413,7,10923,1786962815.202595
0.3633878409862518,7,10933,1786962815.724634
0.3724881609280904,7,10943,1786962816.235637
0.3714368239045143,7,10953,1786962816.7470279
0.38078790783882144,7,10963,1786962817.265283
0.38526501506567,7,10973,1786962817.7870953
0.3807600234236036,7,10983,1786962818.3006003
0.38286185562610625,7,10993,1786962818.8105876
0.3863456014129851,7,11003,1786962819.3278973
0.38855287462472915,7,11013,1786962819.8743155
0.38741580627181316,7,11023,1786962820.4376528
0.38769023939967157,7,11033,1786962820.9443786
0.39577443645550653,7,11043,1786962821.4533408
0.39493478046996255,7,11053,1786962821.9639595
0.3983229978879293,7,11063,1786962822.5194068
0.3985987462103367,7,11073,1786962823.047395
0.3991522448904374,7,11083,1786962823.597572
0.39917468114031684,7,11093,1786962824.1135368
0.3973511717037151,7,11103,1786962824.6323314
0.3983619662374258,7,11113,1786962825.1459303
0.40031369562659946,7,11123,1786962825.6638494
0.4012908676131205,7,11133,1786962826.1888175
0.4003450368409571,7,11143,1786962826.703771
0.39948553473999104,7,11153,1786962827.2045553
0.39842083418369295,7,11163,1786962827.720655
0.39856664286209986,7,11173,1786962828.2162333
0.3980611526303821,7,11183,1786962828.7252607
0.3969529892717089,7,11193,1786962829.2385702
0.395651680333861,7,11203,1786962829.7559996
0.3941033377746741,7,11213,1786962830.2646768
0.3952375328829212,7,11223,1786962830.782851
0.39538734541274606,7,11233,1786962831.2954721
0.395558287248467,7,11243,1786962831.8189557
0.39506071420276867,7,11253,1786962832.3571308
0.39421086268765587,7,11263,1786962832.867446
0.39432904736863245,7,11273,1786962833.3866005
0.3932417807546822,7,11283,1786962833.919678
0.39268692418148643,7,11293,1786962834.4439576
0.3919526651883737,7,11303,1786962834.9589064
0.39263230189681053,7,11313,1786962835.4781337
0.3929403641601888,7,11323,1786962835.9916556
0.39370561994257425,7,11333,1786962836.5196009
0.39284200280211695,7,11343,1786962837.0476427
0.39246766668829053,7,11353,1786962837.5646284
0.39151386002699534,7,11363,1786962838.0737598
0.39170542087243954,7,11373,1786962838.5911837
0.39208306454597636,7,11383,1786962839.1196492
0.39303009553502005,7,11393,1786962839.6394005
0.3940330315001157,7,11403,1786962840.15014
0.3939111928343773,7,11413,1786962840.6796622
0.39377029117415935,7,11423,1786962841.1950333
0.3942345066139331,7,11433,1786962841.7068474
0.3945782664249528,7,11443,1786962842.2497602
0.3943607117842745,7,11453,1786962842.76946
0.39433516014706005,7,11463,1786962843.2750611
0.3944491838770253,7,11473,1786962843.8004568
0.39490529743202946,7,11483,1786962844.3167057
0.3952852910448765,7,11493,1786962844.836311
0.3950885487309957,7,11503,1786962845.361688
0.39446394284566244,7,11513,1786962845.8819468
0.3944355168792068,7,11523,1786962846.3945239
0.39486833262828086,7,11533,1786962846.9278548
0.3942969406407977,7,11543,1786962847.4474301
0.39481600052677096,7,11553,1786962847.9611888
0.39444456834059494,7,11563,1786962848.4882321
0.39453960810646865,7,11573,1786962849.000859
0.39455867067201816,7,11583,1786962849.5272944
0.39485237523913386,7,11593,1786962850.0353312
0.3959805129662804,7,11603,1786962850.5545213
0.3962558544107846,7,11613,1786962851.0649126
0.39628141388087207,7,11623,1786962851.5825799
0.3965455071793662,7,11633,1786962852.1249304
0.396330673033244,7,11643,1786962852.6458673
0.39637897352914553,7,11653,1786962853.1499538
0.3963601650794347,7,11663,1786962853.6586547
0.39610780140287,7,11673,1786962854.1619658
0.396353230383489,7,11683,1786962854.6759121
0.3963660552715644,7,11693,1786962855.182119
0.3966982008158406,7,11703,1786962855.692293
0.3961594595015049,7,11713,1786962856.2153192
0.395923301982291,7,11723,1786962856.7244189
0.3955217624582895,7,11733,1786962857.2333999
0.3960770621716258,7,11743,1786962857.744612
0.39646205969509624,7,11753,1786962858.2560272
0.3965172281335382,7,11763,1786962858.7676995
0.39635098756745807,7,11773,1786962859.2852206
0.3967711976889906,7,11783,1786962859.7905622
0.39670836089009587,7,11793,1786962860.2946277
0.39643569545129714,7,11803,1786962860.813962
0.3961505296495226,7,11813,1786962861.3269987
0.3964420864215264,7,11823,1786962861.8682268
0.39641670565242354,7,11833,1786962862.40946
0.3959375976875264,7,11843,1786962862.9255724
0.3957025304436684,7,11853,1786962863.4386992
0.3959466519794966,7,11863,1786962863.9497116
0.39565301158775884,7,11873,1786962864.4739237
0.3956640715758825,7,11883,1786962864.9821806
0.3956167358829051,7,11893,1786962865.493417
0.39518070923860626,7,11903,1786962865.9989924
0.3951133583635092,7,11913,1786962866.528307
0.3958088532680332,7,11923,1786962867.0331385
0.3962653134237317,7,11933,1786962867.550297
0.3963015603932362,7,11943,1786962868.058534
0.3968143601400348,7,11953,1786962868.5691435
0.3966749744897797,7,11963,1786962869.077995
0.39698366136202273,7,11973,1786962869.5998867
0.396804561918584,7,11983,1786962870.1185849
0.3967908867945274,7,11993,1786962870.6367216
0.39671805043012726,7,12003,1786962871.14106
0.39710508513179693,7,12013,1786962871.6549766
0.3974761325631056,7,12023,1786962872.2024872
0.3972927137810205,7,12033,1786962872.7057111
0.3973138926699098,7,12043,1786962873.2073648
0.3968313923791835,7,12053,1786962873.7138839
0.3972152395092923,7,12063,1786962874.2289684
0.39749699335159927,7,12073,1786962874.7613213
0.3974242736131717,7,12083,1786962875.2863443
0.3987860827627829,7,12093,1786962875.8040297
0.4017230593857645,7,12103,1786962876.3223946
0.40368936337530614,7,12113,1786962876.8348913
0.4042236944368063,7,12123,1786962877.3437095
0.4051054023572656,7,12133,1786962877.8509386
0.4056722721675547,7,12143,1786962878.3609796
0.4060985463280832,7,12153,1786962878.8645892
0.40619719984531405,7,12163,1786962879.3855846
0.40618236192635127,7,12173,1786962879.8931081
0.40685177565090297,7,12183,1786962880.4033158
0.4071096277795732,7,12193,1786962880.908341
0.40703621756198793,7,12203,1786962881.4127727
0.4069447148304719,7,12213,1786962881.931054
0.4069347760149541,7,12223,1786962882.4682765
0.4070317849968419,7,12233,1786962882.9728544
0.4075659216346597,7,12243,1786962883.484059
0.40808524106865496,7,12253,1786962883.9954627
0.40817728983031376,7,12263,1786962884.5111413
0.40859681865309966,7,12273,1786962885.0368805
0.40907816832518057,7,12283,1786962885.5549958
0.41058543166820555,7,12293,1786962886.0834482
0.41034409026447816,7,12303,1786962886.603347
0.41031526648572514,7,12313,1786962887.133999
0.4105819726455296,7,12323,1786962887.648744
0.41063006763726895,7,12333,1786962888.1523926
0.41104491598956233,7,12343,1786962888.6595287
0.41111210830923584,7,12353,1786962889.190301
0.41119156304104576,7,12363,1786962889.7108486
0.4112639142940306,7,12373,1786962890.22244
0.41141977483520703,7,12383,1786962890.7399926
0.41145044211801646,7,12393,1786962891.252247
0.41143554486084305,7,12403,1786962891.7885957
0.4115375707646211,7,12413,1786962892.3554876
0.411791450604303,7,12423,1786962892.8711452
0.411425077179937,7,12433,1786962893.3852115
0.41173458868771595,7,12443,1786962893.91135
0.4121029014324213,7,12453,1786962894.4500258
0.41208937158507686,7,12463,1786962894.9892595
0.39382470548152926,8,12482,1786962895.9907434
0.38042027354240415,8,12492,1786962896.5265822
0.37759100198745726,8,12502,1786962897.0570421
0.37433844432234764,8,12512,1786962897.5935357
0.3753632414340973,8,12522,1786962898.1268873
0.38128654460112255,8,12532,1786962898.6594439
0.3897036288465772,8,12542,1786962899.1881068
0.39458939880132676,8,12552,1786962899.7180583
0.39539909892612035,8,12562,1786962900.2485363
0.3975285720825195,8,12572,1786962900.7758522
0.3977535182779485,8,12582,1786962901.2876751
0.3951411930223306,8,12592,1786962901.7991378
0.39597815366891714,8,12602,1786962902.3381271
0.3966579931122916,8,12612,1786962902.8548052
0.3969658041000366,8,12622,1786962903.3603575
0.39564572013914584,8,12632,1786962903.8751533
0.39955894315943996,8,12642,1786962904.3844986
0.3984853794177373,8,12652,1786962904.9048162
0.4038547337055206,8,12662,1786962905.42403
0.4045483110845089,8,12672,1786962905.9345572
0.4062850112006778,8,12682,1786962906.4418228
0.4062186062335968,8,12692,1786962906.9814284
0.4061553859192392,8,12702,1786962907.504367
0.4167819472650687,8,12712,1786962908.0122752
0.41693007457256315,8,12722,1786962908.5189605
0.41656762464688374,8,12732,1786962909.0406775
0.4156606915924284,8,12742,1786962909.5627313
0.41495862933141847,8,12752,1786962910.0813756
0.4173513788601448,8,12762,1786962910.608236
0.41692656407753625,8,12772,1786962911.1784847
0.4174115369396825,8,12782,1786962911.7630477
0.4174021199345589,8,12792,1786962912.3185785
0.41715304336764597,8,12802,1786962912.8512676
0.41657548301360187,8,12812,1786962913.3817644
0.41636862678187236,8,12822,1786962913.909311
0.41546143202318087,8,12832,1786962914.44539
0.4135433226823807,8,12842,1786962914.9564016
0.41180315982354315,8,12852,1786962915.4725711
0.41241675057472327,8,12862,1786962915.9856758
0.41251069523394107,8,12872,1786962916.5042586
0.41222088344213437,8,12882,1786962917.027114
0.4124612291653951,8,12892,1786962917.5295296
0.4130856743385625,8,12902,1786962918.0395358
0.41316489746624774,8,12912,1786962918.5687017
0.4138734163178338,8,12922,1786962919.1006715
0.41423839363067044,8,12932,1786962919.62869
0.4141679359243271,8,12942,1786962920.1608243
0.4146481120958924,8,12952,1786962920.6884575
0.41360728187220436,8,12962,1786962921.2195277
0.41419585633277894,8,12972,1786962921.7525978
0.41406908596263214,8,12982,1786962922.3371584
0.413533544081908,8,12992,1786962922.8660722
0.41424431553426777,8,13002,1786962923.3777936
0.4140408738895699,8,13012,1786962923.8907561
0.41425218869339336,8,13022,1786962924.3990495
0.4139380325696298,8,13032,1786962924.9085548
0.41437056624052815,8,13042,1786962925.4160016
0.41399589689641164,8,13052,1786962925.9292057
0.4133011045849929,8,13062,1786962926.4367008
0.4142575835933288,8,13072,1786962926.9527245
0.41447625079604444,8,13082,1786962927.4781713
0.4139166784622977,8,13092,1786962927.9968402
0.41354702973649615,8,13102,1786962928.5134184
0.4132404493400827,8,13112,1786962929.033069
0.4132139553244297,8,13122,1786962929.5579524
0.41405725273670574,8,13132,1786962930.0856633
0.4144388342304016,8,13142,1786962930.617957
0.4138441841611091,8,13152,1786962931.1523952
0.41358643457077554,8,13162,1786962931.6948338
0.4130044120337282,8,13172,1786962932.2474685
0.4131660873411407,8,13182,1786962932.7630599
0.41297866244696907,8,13192,1786962933.2704272
0.4128764066998273,8,13202,1786962933.7821462
0.4124216741605385,8,13212,1786962934.2892754
0.41234168090422946,8,13222,1786962934.7971103
0.41238699490694625,8,13232,1786962935.3056214
0.41265658641403374,8,13242,1786962935.8189497
0.41194957362917756,8,13252,1786962936.3345768
0.4111899888402299,8,13262,1786962936.8457134
0.4114843045733869,8,13272,1786962937.3576648
0.4110809107069616,8,13282,1786962937.8753521
0.4113494788182945,8,13292,1786962938.385361
0.411470805611237,8,13302,1786962938.9025319
0.4118358196779376,8,13312,1786962939.4321876
0.411181041440543,8,13322,1786962939.9582858
0.4110818757047487,8,13332,1786962940.4712257
0.41063503611019286,8,13342,1786962940.970854
0.4106202689253471,8,13352,1786962941.4741669
0.41052796028638155,8,13362,1786962941.9858675
0.40998278006911276,8,13372,1786962942.5182576
0.4100364760874392,8,13382,1786962943.0315173
0.4095181415748337,8,13392,1786962943.5332468
0.40945012170460915,8,13402,1786962944.0399034
0.4098225329626114,8,13412,1786962944.5556245
0.4098370240079729,8,13422,1786962945.0780523
0.4099065561002741,8,13432,1786962945.6052544
0.4100145349643894,8,13442,1786962946.1167066
0.4098585424830719,8,13452,1786962946.6339655
0.4094483459688196,8,13462,1786962947.1390653
0.4091813029199839,8,13472,1786962947.6491795
0.40898096911092796,8,13482,1786962948.1584792
0.40911388533080323,8,13492,1786962948.674964
0.40850025267855633,8,13502,1786962949.1936393
0.40837346103328925,8,13512,1786962949.7073543
0.40852231823262714,8,13522,1786962950.217273
0.4087312238115185,8,13532,1786962950.7245035
0.4085430147770409,8,13542,1786962951.2290864
0.4082366622156567,8,13552,1786962951.764625
0.4082074620854964,8,13562,1786962952.3076482
0.40812895105643704,8,13572,1786962952.8055878
0.4082058793789632,8,13582,1786962953.3076777
0.40806184128991196,8,13592,1786962953.8197296
0.4078001372054615,8,13602,1786962954.3366177
0.40819358535503086,8,13612,1786962954.847688
0.4081006950917451,8,13622,1786962955.3884764
0.40849500339606715,8,13632,1786962955.8995166
0.40839058975888115,8,13642,1786962956.4170704
0.408404629791187,8,13652,1786962956.923906
0.40958460504267397,8,13662,1786962957.4376445
0.40958239217599235,8,13672,1786962957.9513974
0.41014185060154307,8,13682,1786962958.4570274
0.410468268541039,8,13692,1786962958.9720306
0.4108148158565769,8,13702,1786962959.4956486
0.4107703594911483,8,13712,1786962960.0252752
0.4116943355798721,8,13722,1786962960.549543
0.4150023752971301,8,13732,1786962961.0680223
0.4163387791378292,8,13742,1786962961.5752547
0.4178128543542698,8,13752,1786962962.1102355
0.41733324061068455,8,13762,1786962962.6312044
0.41746821550222546,8,13772,1786962963.1484528
0.4171998888026667,8,13782,1786962963.6585524
0.4176109325930928,8,13792,1786962964.165395
0.41762783633811135,8,13802,1786962964.6683373
0.4176936355878168,8,13812,1786962965.1773872
0.4176426136162546,8,13822,1786962965.6876361
0.4176875815562466,8,13832,1786962966.1956975
0.41794554405186296,8,13842,1786962966.7065184
0.4179604445354662,8,13852,1786962967.2133222
0.41823685528348675,8,13862,1786962967.7372422
0.4185328579906906,8,13872,1786962968.2521842
0.4188094820853666,8,13882,1786962968.7671611
0.41905608952675066,8,13892,1786962969.2957127
0.41898327356243464,8,13902,1786962969.8240466
0.4192132114432752,8,13912,1786962970.3509693
0.4188382732148828,8,13922,1786962970.8685732
0.4183970452681796,8,13932,1786962971.3796566
0.4181814316482771,8,13942,1786962971.904566
0.4180893235411998,8,13952,1786962972.447444
0.4183571424160228,8,13962,1786962972.9590049
0.4183926255007585,8,13972,1786962973.4703794
0.41803346038456785,8,13982,1786962973.9959943
0.4179593701405745,8,13992,1786962974.5163734
0.4179133063924858,8,14002,1786962975.0272672
0.41787796851682973,8,14012,1786962975.534576
0.4178902938577437,8,14022,1786962976.0424635
0.4344973981380463,9,14041,1786962977.020624
0.39407936334609983,9,14051,1786962977.5411332
0.3938258002201716,9,14061,1786962978.0776255
0.40120021551847457,9,14071,1786962978.601149
0.4105033880472183,9,14081,1786962979.1394844
0.4045943280061086,9,14091,1786962979.675987
0.4127025740487235,9,14101,1786962980.2204633
0.4129057537764311,9,14111,1786962980.7596433
0.4075994726684358,9,14121,1786962981.298529
0.40297228425741194,9,14131,1786962981.8619103
0.3996136245402423,9,14141,1786962982.4259076
0.40273657962679865,9,14151,1786962982.9529424
0.4002258037145321,9,14161,1786962983.4621346
0.40183927821261545,9,14171,1786962983.97923
0.4016444170475006,9,14181,1786962984.4924583
0.4030485078692436,9,14191,1786962985.004336
0.40559519389096427,9,14201,1786962985.5249214
0.4057893065942658,9,14211,1786962986.0393705
0.4049686955778222,9,14221,1786962986.5514944
0.4048155824840069,9,14231,1786962987.0634525
0.40744518495741344,9,14241,1786962987.5780222
0.4064549146728082,9,14251,1786962988.101481
0.40643893888463145,9,14261,1786962988.6430254
0.40782197583466767,9,14271,1786962989.2062182
0.4094490779042244,9,14281,1786962989.7235832
0.408955906274227,9,14291,1786962990.244005
0.4084033963304979,9,14301,1786962990.7627795
0.4070623444127185,9,14311,1786962991.291858
0.40674881066741614,9,14321,1786962991.8315902
0.4067872359851996,9,14331,1786962992.3796415
0.4073734147414084,9,14341,1786962992.9011772
0.4082209321204573,9,14351,1786962993.4263396
0.40787775006258126,9,14361,1786962993.949651
0.40555796548724177,9,14371,1786962994.4930243
0.40717491103070125,9,14381,1786962995.0242553
0.40680897616677814,9,14391,1786962995.5352414
0.4058594914706978,9,14401,1786962996.0423982
0.4057850491059454,9,14411,1786962996.578938
0.40552458037168554,9,14421,1786962997.1197608
0.4072181683033705,9,14431,1786962997.6651535
0.4072775164028493,9,14441,1786962998.197086
0.40624580397492366,9,14451,1786962998.7335877
0.4064432773479196,9,14461,1786962999.267725
0.4053982326252894,9,14471,1786962999.794836
0.4043915685680177,9,14481,1786963000.3249283
0.40435079420390335,9,14491,1786963000.8293755
0.4045131028966701,9,14501,1786963001.339655
0.40565322575469814,9,14511,1786963001.8626416
0.40543932416001144,9,14521,1786963002.4479806
0.4046773523688316,9,14531,1786963002.9564254
0.40378443955206406,9,14541,1786963003.4649992
0.4039439036869086,9,14551,1786963004.0014462
0.40424967762434255,9,14561,1786963004.5229156
0.40467093884944916,9,14571,1786963005.0490673
0.4050285666097294,9,14581,1786963005.5733814
0.40482324744973863,9,14591,1786963006.0945039
0.40418392398901154,9,14601,1786963006.6233013
0.4042078932811474,9,14611,1786963007.1453846
0.4034978668568498,9,14621,1786963007.6732397
0.40357636486490567,9,14631,1786963008.2070653
0.40305915123126546,9,14641,1786963008.724681
0.4029473131702792,9,14651,1786963009.2562451
0.4030075321594874,9,14661,1786963009.7816327
0.4027202557772398,9,14671,1786963010.3109767
0.402261032805993,9,14681,1786963010.8348687
0.40145011167183065,9,14691,1786963011.3783903
0.4012600220183828,9,14701,1786963011.9019265
0.40189015363507413,9,14711,1786963012.4716387
0.40139088447111243,9,14721,1786963012.9929338
0.40168943905404636,9,14731,1786963013.5245786
0.4015319585590295,9,14741,1786963014.0482442
0.4018096452578902,9,14751,1786963014.5752697
0.4016179801462448,9,14761,1786963015.1001961
0.40199477078544127,9,14771,1786963015.6194916
0.40199026054143905,9,14781,1786963016.1285465
0.40146138720998636,9,14791,1786963016.638616
0.4010109487485576,9,14801,1786963017.1376603
0.4011502511799335,9,14811,1786963017.6515555
0.40150693747438965,9,14821,1786963018.1562693
0.40171010414138436,9,14831,1786963018.6557293
0.401926990110933,9,14841,1786963019.171176
0.4017212074159122,9,14851,1786963019.6772895
0.4017646631383034,9,14861,1786963020.1843445
0.40151610589098363,9,14871,1786963020.692105
0.4008643382612397,9,14881,1786963021.2076252
0.40049399568937544,9,14891,1786963021.73603
0.3998364735780091,9,14901,1786963022.2821236
0.39982515537942,9,14911,1786963022.8231845
0.400012323846308,9,14921,1786963023.3621998
0.3998943686981996,9,14931,1786963023.8939657
0.399969035075916,9,14941,1786963024.4300203
0.400504326545026,9,14951,1786963024.9650848
0.40082991301052034,9,14961,1786963025.499121
0.4009520500739838,9,14971,1786963026.0283093
0.4011965973596824,9,14981,1786963026.55963
0.40119713127302625,9,14991,1786963027.102967
0.4012216715929435,9,15001,1786963027.6391256
0.4009131150434212,9,15011,1786963028.1680603
0.4010264161409754,9,15021,1786963028.7054439
0.40114651192724704,9,15031,1786963029.241057
0.40108369516559167,9,15041,1786963029.7719522
0.40115986254577546,9,15051,1786963030.2916603
0.4009385416953309,9,15061,1786963030.824374
0.4010441102230778,9,15071,1786963031.3560863
0.4010861627970423,9,15081,1786963031.885584
0.40119670816468744,9,15091,1786963032.4291728
0.4013015197398507,9,15101,1786963032.985687
0.40161744903911045,9,15111,1786963033.5186138
0.40169012059859177,9,15121,1786963034.0507228
0.4017512826486067,9,15131,1786963034.5699756
0.4018027494619559,9,15141,1786963035.076452
0.40133650808462074,9,15151,1786963035.5865655
0.4012055510968234,9,15161,1786963036.091564
0.40091606098831745,9,15171,1786963036.594415
0.40085726333701094,9,15181,1786963037.1015067
0.40088619841583845,9,15191,1786963037.6109347
0.40117745496268964,9,15201,1786963038.1179368
0.4011065778338303,9,15211,1786963038.624039
0.40086633114754655,9,15221,1786963039.148068
0.4011222025255362,9,15231,1786963039.678866
0.4009654339926302,9,15241,1786963040.2097754
0.40125168608348877,9,15251,1786963040.7280061
0.40106214815523566,9,15261,1786963041.2633486
0.4011272474642723,9,15271,1786963041.80003
0.40167409377098084,9,15281,1786963042.3613532
0.4014076031153164,9,15291,1786963042.890555
0.4011771675169937,9,15301,1786963043.4214127
0.40114202476106586,9,15311,1786963043.9442754
0.4010825196093367,9,15321,1786963044.4771585
0.4010796861579785,9,15331,1786963045.0058122
0.40112885968148254,9,15341,1786963045.5337534
0.4010335517087669,9,15351,1786963046.0634706
0.4009346894415698,9,15361,1786963046.5873487
0.4007897155387188,9,15371,1786963047.1057906
0.4009815191008427,9,15381,1786963047.624388
0.40067998377934977,9,15391,1786963048.1498482
0.4006438005688417,9,15401,1786963048.6756225
0.4010550453287104,9,15411,1786963049.2115908
0.40143679098474033,9,15421,1786963049.7467139
0.40119639199759277,9,15431,1786963050.2536724
0.4012633558600507,9,15441,1786963050.7546487
0.4011311771479291,9,15451,1786963051.256918
0.40080768183603155,9,15461,1786963051.7614937
0.40102600201757416,9,15471,1786963052.2995143
0.40071370360152475,9,15481,1786963052.8135788
0.40058659471265257,9,15491,1786963053.3456926
0.40092169700228436,9,15501,1786963053.868958
0.40091168663993076,9,15511,1786963054.412675
0.40065274111576527,9,15521,1786963054.9441335
0.40044008230169614,9,15531,1786963055.4758923
0.4004308603161218,9,15541,1786963056.0035546
0.40045997464147054,9,15551,1786963056.540288
0.40038255802751366,9,15561,1786963057.0714386
0.4000114925012186,9,15571,1786963057.59673
0.400324878192717,9,15581,1786963058.1217716
